Name,Source,Direction,Sentences
gains vs. losses,decision theory ,pro,causes gains; leads to benefits; fosters improvements; generates profits; creates advantages; creates opportunities; leads to achievement; yields progress; secures victories; drives positive results.
gains vs. losses,decision theory ,con,causes losses; leads to costs; causes deterioration; generates deficits; creates disadvantages; creates obstacles; impedes achievements; causes setbacks; leads to failures; drives negative results.
safety vs. risk,decision theory ,pro,prevents risk; causes certainty; increases predictability; ensures stability; establishes safeguards; fortifies against hazards; guarantees outcomes; minimizes potential threats; leads to security; leads to reliable results
safety vs. risk,decision theory ,con,induces risk; introduces uncertainty; fosters unpredictability; destabilizes conditions; overlooks safeguards; exposes to hazards; leaves outcomes to chance; magnifies potential threats; compromises security; results in unreliable outcomes
immediacy vs. delay,decision theory ,pro,leads to immediate rewards; delivers instant gratification; provides quick results; ensures immediate benefits; generates rapid gains; offers prompt incentives; procures swift advantages; secures on-the-spot gains; achieves immediate progress; produces instantaneous rewards
immediacy vs. delay,decision theory ,con,leads to deferred rewards; imposes delayed gratification; provides slow results; requires waiting for benefits; generates slow gains; offers delayed incentives; requires long waits for advantages; misses out on immediate gains; involves stalled progress; yields rewards only after delays.
altruism and morality,decision theory ,pro,helps others; promotes fairness; fosters inclusivity; advances social welfare; contributes to societal harmony; ensures equality; strengthens communal bonds; prioritizes collective well-being; advocates for social justice; assists people in need
altruism and morality,decision theory ,con,harms others; leads to unfair outcomes; promotes exclusivity; hurts social welfare; sows societal discord; fosters inequality; breaks communal bonds; leads to selfish outcomes; benefits the rich and powerful; abandons people in need.
complexity and effort,decision theory ,pro,is simple; requires little effort; has known consequences; provides straightforward solutions; ensures transparent outcomes; removes ambiguity; promotes easy understanding; ensures predictability; is easy; has obvious implications
complexity and effort,decision theory ,con,is complex; demands significant effort; has unpredictable consequences; introduces complex solutions; obscures outcomes; creates ambiguity; hinders easy understanding; leads to unpredictability; is difficult; has hidden implications.
money,decision outcomes ,pro,generates money; increases wealth; puts extra cash in the pocket; saves money; leads to bigger paychecks; cuts down on expenses; grows savings; gives finances a boost; increases financial potential; leads to economic gains
money,decision outcomes ,con,loses money; erodes wealth; takes money out; wastes money; reduces paychecks; leads to exorbitant expenses; depletes savings accounts; triggers financial downturns; restricts financial growth; leads to economic losses
social,decision outcomes ,pro,improves reputation; increases friendships; increases power; improves social standing; builds stronger relationships; fosters respect; deepens connections; gains trust among peers; strengthens social networks; broadens social circles
social,decision outcomes ,con,damages reputation; causes enemies; diminishes power; lowers social standing; damages relationships; erodes respect; weakens connections; loses trust among peers; hurts social networks; narrows social circles.
health,decision outcomes ,pro,leads to good health; improves fitness; strengthens body; improves mental health; increases immunity; fosters healthy habits; strengthens vitality; leads to good nutrition; increases energy levels; contributes to longevity.
health,decision outcomes ,con,harms overall health; makes unfit; weakens body; leads to mental illness; weakens immunity; instills harmful habits; saps vitality; leads to malnutrition; leads to exhaustion; threatens life expectancy.
mood,decision outcomes ,pro,leads to happiness; reduces stress; boosts joy and contentment; promotes a sense of well-being; is relaxing; encourages positive thinking; uplifts spirits; provides comfort and solace; increases satisfaction and fulfillment; improves overall mood
mood,decision outcomes ,con,causes sadness; induces stress; causes misery; reduces well-being; provokes anxiety; causes negative thinking; depresses spirits; causes discomfort and agitation; causes dissatisfaction and lack of fulfillment; leads to instability in mood
pleasure,decision outcomes ,pro,causes pleasure; is enjoyable; is euphoric; is delightful; is exciting; generates thrill; feels good; brings fun; offers a good time; is easy
pleasure,decision outcomes ,con,causes pain; induces boredom; leads to despair; brings displeasure; creates monotony; generates dread; feels bad; is dull; leads to a bad time; is effortful
existential concerns,decision outcomes ,pro,gives life meaning; deepens faith and devotion; enhances spiritual understanding; connects with god and higher powers; fosters enlightenment; encourages inner peace; nurtures the souls growth; cultivates a sense of purpose; is transcendent; provides a sense of direction
existential concerns,decision outcomes ,con,leads to a meaningless life; weakens faith and devotion; obscures spiritual insight; leads to darkness; propagates ignorance; leads to inner chaos; leads the soul to damnation; removes purpose; is debased and mundane; leads to angst
career,decision outcomes ,pro,improves career prospects; expands networking opportunities; boosts resume appeal; increases job stability; fosters leadership qualities; facilitates career advancement; provides valuable industry insights; encourages continuous learning; improves work performance; secures higher income
career,decision outcomes ,con,diminishes career prospects; limits networking opportunities; weakens resume appeal; leads to job instability; suppresses leadership qualities; hinders career advancement; obscures valuable industry insights; discourages continuous learning; impairs work performance; reduces income
personal development,decision outcomes ,pro,leads to personal growth; fosters self-improvement; encourages emotional intelligence; enhances self-awareness; promotes skill acquisition; builds resilience; cultivates creative thinking; expands worldviews; strengthens decision-making abilities; nurtures a growth mindset
personal development,decision outcomes ,con,stunts personal growth; hampers self-improvement; reduces emotional intelligence; leads to ignorance about self; impedes skill acquisition; leads to fragility; leads to unimaginative thinking; leads to a close-minded worldview; undermines decision-making abilities; leads to stagnation
romance,decision outcomes ,pro,leads to love; sparks romance; cultivates affection; builds intimate bonds; nurtures sexual feelings; enchants the heart; increases sexual attraction; stimulates sexual desires; ignites erotic passion; leads to a good sex life
romance,decision outcomes ,con,deters love; extinguishes romance; neglects affection; breaks intimate bonds; suppresses sexual feelings; disenchants the heart; diminishes sexual attraction; deadens sexual desires; smothers erotic passion; results in an unsatisfying sex life.
knowledge,decision outcomes ,pro,leads to knowledge; improves intellect; fosters critical thinking skills; enhances problem-solving abilities; encourages curiosity; broadens perspectives and understanding; cultivates creativity and innovation; boosts confidence; leads to accurate beliefs; reduces ignorance
knowledge,decision outcomes ,con,leads to ignorance; leads to stupidity; obstructs critical thinking skills; weakens problem-solving abilities; leads to indifference; leads to narrow-minded perspectives; stifles creativity and innovation; causes doubt; results in false beliefs; mindless
laws and institutions,decision outcomes ,pro,adheres to rules; upholds the law; respects authority; complies with regulations; observes legal protocols; maintains social order; adheres to guidelines; embraces civic responsibility; demonstrates lawful conduct; upholds communal values
laws and institutions,decision outcomes ,con,disregards rules; violates the law; defies authority; breaches regulations; ignores legal protocols; disrupts social order; neglects guidelines; shuns civic responsibility; exhibits unlawful behavior; sows communal discord
utilitarian consumption,consumer dimensions ,pro,produces functional results; meets practical needs; delivers utilitarian benefits; provides tangible solutions; serves a functional purpose; addresses pragmatic requirements; offers concrete advantages; ensures efficiency; facilitates practicality; promotes utility
utilitarian consumption,consumer dimensions ,con,produces impractical results; fails to meet practical needs; lacks utilitarian benefits; offers no tangible solutions; serves no functional purpose; ignores pragmatic requirements; lacks concrete advantages; hinders efficiency; impedes practicality; lacks utility
hedonic consumption,consumer dimensions ,pro,leads to pleasurable outcomes; stimulates sensory delight; evokes emotional enjoyment; results in hedonic satisfaction; cultivates joyful experiences; fosters aesthetic appreciation; stimulates emotional gratification; induces sensory pleasure; promotes experiential joy; enhances fulfillment
hedonic consumption,consumer dimensions ,con,leads to unpleasant outcomes; dampens sensory delight; brings about emotional distress; results in displeasure; creates joyless experiences; obstructs aesthetic appreciation; denies emotional gratification; produces sensory discomfort; causes experiential sorrow; enhances dissastisfaction
material consumption,consumer dimensions ,pro,leads to tangible assets; accumulates physical goods; enhances collection of objects; gains concrete assets; collects valuable items; prioritizes physical belongings; acquires material treasures; values object ownership; seeks material acquisitions; amasses material resources
material consumption,consumer dimensions ,con,does not lead to tangible assets; prevents the accumulation of physical goods; diminishes collection of objects; loses concrete assets; disregards valuable items; overlooks physical belongings; forgoes material treasures; undervalues object ownership; shuns material acquisitions; depletes material resources.
experiential consumption,consumer dimensions ,pro,leads to good experiences; produces pleasant memories; improves life experiences; generates non-material rewards; enriches experiences; emphasizes life moments; treasures experiences over items; leads to personal growth; places importance on adventures; invests in experiences
experiential consumption,consumer dimensions ,con,leads to bad experiences; produces unpleasant memories; makes life experiences worse; generates non-material punishments; leads to impovrished experiences; neglects life moments; treasures items over experiences; hinders personal growth; places no importance on adventures; invests in possessions
valence,emotions ,pro,evokes joy; stimulates excitement; elicits euphoria; kindles contentment; leads to pride; inspires optimism; rouses inspiration; causes awe; conjures gratitude; ignites love
valence,emotions ,con,evokes sadness; causes disappointment; elicits frustration; generates shame; leads to embarrassment; causes pessimism; rouses anxiety; causes fear; evokes anger; ignites grief.
arousal,emotions ,pro,evokes excitement; stimulates euphoria; elicits rage; kindles panic; leads to frenzy; inspires thrill; rouses exhilaration; causes arousal; conjures enthusiasm; ignites ecstasy
arousal,emotions ,con,evokes depression; leads to boredom; generates sadness; causes fatigue; leads to calm; makes one sluggish; causes tiredness; causes laziness; leads to sleepiness; generates lethargy
anger,emotions ,pro,prevents anger; averts fury; avoids wrath; defuses hostility; precludes bitterness; mitigates animosity; alleviates indignation; reduces irritability; lessens annoyance; diminishes resentment.
anger,emotions ,con,leads to rage; causes fury; leads to wrath; causes hostility; leads to bitterness; causes animosity; leads to indignation; causes irritability; leads to annoyance; causes resentment
fear,emotions ,pro,evokes courage; stimulates confidence; elicits boldness; kindles bravery; leads to valor; inspires intrepidity; rouses audacity; causes nerve; conjures daring; ignites pluck
fear,emotions ,con,causes fear; stimulates anxiety; elicits dread; kindles panic; leads to terror; inspires horror; rouses nervousness; causes unease; conjures apprehension; ignites distress
happiness,emotions ,pro,causes happiness; stimulates delight; elicits elation; kindles bliss; leads to jubilation; inspires euphoria; rouses enjoyment; causes pleasure; conjures gladness; ignites cheerfulness.
happiness,emotions ,con,causes sadness; leads to melancholy; elicits sorrow; kindles gloom; leads to despair; generates distress; rouses grief; causes misery; makes one unhappy; causes discontent
disgust,emotions ,pro,evokes appreciation; stimulates admiration; elicits reverence; kindles awe; leads to veneration; inspires esteem; rouses fondness; causes liking; conjures attachment; leads to affinity
disgust,emotions ,con,evokes disgust; stimulates revulsion; elicits loathing; kindles repugnance; leads to distaste; causes nausea; rouses contempt; causes aversion; conjures antipathy; leads to repulsion.
autonomy,self determination ,pro,stimulates freedom of choice; leads to opportunities for decision-making; encourages self-directed behavior; fosters the power to choose ones path; supports independent thinking; nurtures the ability to make personal decisions; enhances the sense of control over ones life; encourages self-regulation; promotes the freedom to express oneself; allows for the pursuit of individual goals
autonomy,self determination ,con,limits freedom of choice; restricts opportunities for decision-making; discourages self-directed behavior; undermines the power to choose ones path; suppresses independent thinking; impedes the ability to make personal decisions; reduces the sense of control over ones life; hinders self-regulation; restricts the freedom to express oneself; prevents the pursuit of individual goals
competence,self determination ,pro,elicits a sense of skill; evokes a feeling of mastery; fosters confidence in abilities; inspires a sense of achievement; promotes a belief in ones capabilities; challenges and stimulates growth; nurtures a sense of accomplishment; encourages the development of expertise; cultivates a feeling of effectiveness; enhances a sense of proficiency
competence,self determination ,con,discourages a sense of skill; reduces feelings of mastery; diminishes confidence in abilities; undermines a sense of achievement; suppresses belief in ones capabilities; stagnates growth and learning; hinders a sense of accomplishment; undermines the development of expertise; undercuts feelings of effectiveness; impairs a sense of proficiency
social relatedness,self determination ,pro,fosters a sense of belonging; cultivates deep and meaningful connections with others; encourages empathy and understanding; nurtures supportive and caring relationships; enhances feelings of camaraderie and companionship; promotes a sense of community and togetherness; inspires trust and emotional security in relationships; fosters a sense of unity and solidarity within a group; encourages open communication and mutual respect; nurtures a sense of being valued and appreciated by others
social relatedness,self determination ,con,undermines a sense of belonging; hinders deep and meaningful connections with others; discourages empathy and understanding; suppresses supportive and caring relationships; diminishes feelings of camaraderie and companionship; disrupts a sense of community and togetherness; undermines trust and emotional security in relationships; hinders a sense of unity and solidarity within a group; discourages open communication and mutual respect; undermines a sense of being valued and appreciated by others
self direction,values ,pro,encourages independent thought and decision-making; fosters the development of unique perspectives and beliefs; supports the cultivation of individual opinions and viewpoints; promotes self-reliance and autonomy in decision-making; enhances personal growth by valuing ones own judgment; cultivates a strong sense of individuality and self-expression; encourages the exploration of diverse ideas and perspectives; supports the formation of authentic beliefs and values; fosters a sense of confidence in ones own judgments and choices; upholds the importance of personal integrity and authenticity in public interactions
self direction,values ,con,decreases the inclination for independent thought and decision-making; diminishes the development of unique perspectives and beliefs; undermines self-reliance and autonomy in forming opinions; suppresses individuality and self-expression; weakens the ability to stand firm in personal convictions; dampens critical thinking and analytical skills; discourages the exploration of diverse ideas and perspectives; reduces confidence in ones own judgments and choices; undermines the protection of personal integrity and authenticity; diminishes a sense of empowerment in shaping ones public image.
stimulation,values ,pro,encourages constant exploration and curiosity; promotes a sense of thrill and excitement; fosters a mindset open to novel experiences; stimulates a sense of adventure and spontaneity; cultivates a passion for trying new things; enhances creativity and innovative thinking; nurtures a love for diverse and stimulating activities; encourages a willingness to step out of comfort zones; promotes a sense of wonder and awe in everyday life; fosters a zest for living through exhilarating encounters
stimulation,values ,con,decreases inclination for constant exploration and curiosity; diminishes the sense of thrill and excitement; reduces openness to novel experiences; dampens the spirit of adventure and spontaneity; discourages trying new things; suppresses creativity and innovative thinking; limits engagement in diverse and stimulating activities; undermines willingness to step out of comfort zones; decreases sense of wonder and awe in everyday life; dulls the zest for living  diminishing exhilarating encounters
hedonism,values ,pro,enhances pleasure and enjoyment; promotes a good time and positive experiences; encourages fun and laughter; maximizes opportunities for joyful moments; cultivates a sense of delight and contentment; fosters a positive and cheerful atmosphere; amplifies the enjoyment of lifes simple pleasures; nurtures a carefree and happy mindset; uplifts the spirit through pleasurable activities; boosts overall life satisfaction and fulfillment
hedonism,values ,con,decreases enjoyment and pleasure; diminishes opportunities for a good time and positive experiences; reduces fun and laughter; limits moments of joy and contentment; dampens the spirit  leading to unhappiness; suppresses the ability to appreciate lifes pleasures; undermines a positive and cheerful atmosphere; restricts the enjoyment of simple pleasures; decreases overall life satisfaction and fulfillment; diminishes the sense of delight and fulfillment in everyday activities.
achievement,values ,pro,encourages setting and pursuing ambitious goals; enhances personal achievements and accomplishments; promotes a strong work ethic and determination; fosters a drive for continuous improvement and excellence; cultivates a sense of purpose and direction in life; inspires a passion for success and reaching milestones; nurtures a desire for recognition and acknowledgment of accomplishments; encourages a proactive approach to challenges and opportunities; stimulates a competitive spirit  driving towards success; boosts self-confidence through meaningful achievements.
achievement,values ,con,decreases motivation to set and pursue ambitious goals; diminishes personal achievements and accomplishments; reduces work ethic and determination; undermines the drive for continuous improvement and excellence; dampens the sense of purpose and direction in life; discourages passion for success and reaching milestones; suppresses the desire for recognition and acknowledgment of accomplishments; undermines a proactive approach to challenges and opportunities; diminishes competitive spirit and drive towards success; lowers self-confidence due to a lack of meaningful achievements.
power,values ,pro,encourages dominance and influence over others; enhances control in social and professional interactions; promotes the ability to assert authority and make decisions; fosters a sense of command and obedience from others; cultivates the power to shape outcomes according to ones desires; nurtures a position of leadership and decision-making; encourages the fulfillment of personal interests and desires through others; stimulates a commanding presence and respect from peers; promotes the ability to manipulate situations to ones advantage; cultivates a sense of superiority and superiority in social dynamics.
power,values ,con,decreases interpersonal harmony and cooperation; diminishes empathy and understanding in relationships; reduces mutual respect and trust among peers; undermines positive social dynamics and collaboration; dampens the spirit of teamwork and collective decision-making; suppresses healthy communication and openness; weakens the potential for constructive dialogue and compromise; undermines the ability to build genuine  supportive relationships; decreases overall morale and satisfaction in social and professional contexts; diminishes the potential for positive influence and meaningful connections with others.
security,values ,pro,encourages carefulness and risk mitigation; enhances personal safety and physical well-being; promotes a secure environment and peace of mind; cultivates healthy habits and disease prevention; nurtures a sense of protection and self-preservation; fosters a focus on avoiding hazardous situations; stimulates proactive measures for health and safety; encourages the creation of a stable and secure living space; enhances financial stability and future planning; promotes a cautious approach to decision-making for overall security.
security,values ,con,decreases vigilance and caution  leading to potential risks; diminishes personal safety and physical well-being; reduces a sense of security and peace of mind; undermines healthy habits and disease prevention; dampens the focus on avoiding hazardous situations; suppresses proactive measures for health and safety; decreases the creation of a stable and secure living space; undermines financial stability and future planning; reduces preparedness  leading to vulnerability; diminishes overall security due to a lack of cautious decision-making.
conformity,values ,pro,encourages adherence to established norms and regulations; enhances lawfulness and order in society; promotes conformity to ethical standards and social expectations; fosters a sense of responsibility towards rules and regulations; cultivates a disciplined approach to decision-making and behavior; nurtures a culture of respect for authority and established guidelines; encourages a sense of accountability and integrity in actions; stimulates a commitment to ethical behavior and moral principles; promotes harmonious coexistence through rule obeying; cultivates a respectful attitude towards societal laws and regulations.
conformity,values ,con,decreases adherence to established norms and regulations; diminishes lawfulness and order in society; reduces conformity to ethical standards and social expectations; undermines a sense of responsibility towards rules and regulations; dampens discipline in decision-making and behavior; suppresses a culture of respect for authority and established guidelines; decreases a sense of accountability and integrity in actions; undermines commitment to ethical behavior and moral principles; reduces harmonious coexistence due to rule violations; diminishes respect for societal laws and regulations.
tradition,values ,pro,encourages preservation of cultural heritage and customs; enhances respect for traditional values and ways of thinking; promotes the continuity of family customs and religious practices; fosters a sense of identity and belonging through cultural traditions; cultivates a connection to ancestral roots and heritage; nurtures the transmission of knowledge and wisdom from one generation to another; encourages the celebration of traditional festivals and rituals; stimulates a sense of community and shared history; promotes the appreciation of historical customs and rituals; cultivates a sense of pride and honor in upholding cultural traditions.
tradition,values ,con,decreases preservation of cultural heritage and customs; diminishes respect for traditional values and ways of thinking; reduces the continuity of family customs and religious practices; undermines a sense of identity and belonging through cultural traditions; dampens connection to ancestral roots and heritage; suppresses the transmission of knowledge and wisdom to future generations; decreases the celebration of traditional festivals and rituals; undermines the sense of community and shared history; reduces appreciation for historical customs and rituals; diminishes pride and honor in upholding cultural traditions.
benevolence,values ,pro,encourages empathy and compassion towards loved ones; enhances support for the well-being of close family and friends; promotes a sense of responsibility for the happiness of dear ones; fosters a caring attitude and nurturing behavior; cultivates a willingness to assist in times of need; nurtures a loving and supportive environment for those close; encourages generosity and selflessness towards loved ones; stimulates active involvement in the lives of family and friends; promotes aiding those in need through kindness and understanding; cultivates a strong sense of community and interconnectedness through supportive actions.
benevolence,values ,con,decreases empathy and compassion towards loved ones; diminishes support for the well-being of close family and friends; reduces a sense of responsibility for the happiness of dear ones; undermines a caring attitude and nurturing behavior; suppresses willingness to assist in times of need; weakens a loving and supportive environment for those close; decreases generosity and selflessness towards loved ones; undermines active involvement in the lives of family and friends; reduces aid to those in need  fostering apathy; diminishes the sense of community and interconnectedness through lack of supportive actions.
universalism,values ,pro,enhances environmental conservation efforts; promotes sustainable living practices; encourages eco-friendly choices and behaviors; fosters a sense of responsibility towards nature; cultivates awareness about environmental issues; nurtures a commitment to wildlife protection; stimulates activism for ecological preservation; encourages participation in eco-conscious initiatives; enhances connection with the natural world; promotes advocacy for environmental policies and regulations.
universalism,values ,con,decreases environmental conservation efforts; diminishes awareness about environmental issues; reduces eco-friendly choices and behaviors; undermines sustainable living practices; suppresses a sense of responsibility towards nature; weakens commitment to wildlife protection; dampens activism for ecological preservation; discourages participation in eco-conscious initiatives; diminishes connection with the natural world; undermines advocacy for environmental policies and regulations.
achieving salvation,goals ,pro,promotes salvation; encourages spiritual enlightenment; advocates religious redemption; fosters divine deliverance; supports eternal peace
achieving salvation,goals ,con,discourages salvation; hinders spiritual enlightenment; dissuades religious redemption; obstructs divine deliverance; opposes eternal peace
appreciating the arts,goals ,pro,promotes appreciation of arts; enhances artistic understanding; encourages artistry; cultivates artistic interests; inspires artistic expression
appreciating the arts,goals ,con,discourages appreciation of arts; diminishes artistic understanding; deters artistry; neglects artistic interests; suppresses artistic expression
achieving my aspirations,goals ,pro,promotes achieving aspirations; supports personal growth; encourages self-improvement; facilitates goal accomplishment; propels dream realization
achieving my aspirations,goals ,con,hampers achieving aspirations; stifles personal growth; discourages self-improvement; hinders goal accomplishment; thwarts dream realization
sexual desirability,goals ,pro,promotes sexual attraction; enhances romantic appeal; stimulates sexual excitement; strengthens intimate relationships; boosts seduction skills
sexual desirability,goals ,con,diminishes sexual attraction; reduces romantic appeal; suppresses sexual excitement; weakens intimate relationships; lowers seduction skills
avoiding failure,goals ,pro,avoids failure; prevents errors; safeguards from mishaps; minimizes risks; evades breakdowns
avoiding failure,goals ,con,invites failure; allows errors; exposes to mishaps; maximizes risks; tolerates breakdowns
avoiding feelings of guilt,goals ,pro,promotes guilt-avoidance; encourages emotional wellbeing; fosters self-forgiveness; enhances inner peace; supports guilt-free living.
avoiding feelings of guilt,goals ,con,promotes guilt-inducement; discourages emotional wellbeing; hinders self-forgiveness; disturbs inner peace; opposes guilt-free living.
avoiding rejection by others,goals ,pro,avoids rejection; strives for acceptance; enhances social approval; reduces social isolation; encourages positive interaction
avoiding rejection by others,goals ,con,invites rejection; neglects acceptance; discourages social approval; increases social isolation; discourages positive interaction
avoiding stress,goals ,pro,promotes stress avoidance; boosts emotional well-being; encourages relaxation techniques; enhances peaceful living; supports mental health hygiene
avoiding stress,goals ,con,promotes stress inducement; reduces emotional well-being; discourages relaxation techniques; degrades peaceful living; neglects mental health hygiene
being able to fantasize,goals ,pro,promotes imagination; encourages creativity; fosters daydreaming; enhances fantasy skills; stimulates imaginative thinking
being able to fantasize,goals ,con,suppresses imagination; discourages creativity; hinders daydreaming; reduces fantasy skills; dampens imaginative thinking
being affectionate toward others,goals ,pro,promotes affection; promotes empathy; promotes good intentions; promotes warmth; promotes positive interaction
being affectionate toward others,goals ,con,diminishes affection; diminishes empathy; diminishes good intentions; diminishes warmth; diminishes positive interaction
being ambitious,goals ,pro,promotes ambition and hard work; encourages determination; fosters perseverance; champions tenacity; boosts diligence
being ambitious,goals ,con,discourages ambition and hard work; hinders determination; suppresses perseverance; opposes tenacity; deters diligence
being better than others,goals ,pro,promotes competitiveness; encourages self-improvement; fosters ambition; motivates to surpass others; instills a spirit of victory
being better than others,goals ,con,promotes cooperation; encourages complacency; suppresses ambition; motivates to help others; instills a spirit of accepting defeat
being lighthearted,goals ,pro,promotes carefreeness; encourages lightheartedness; inspires joyfulness; advocates enjoyment of life; fosters laid-back attitude
being lighthearted,goals ,con,promotes seriousness; encourages solemnity; inspires melancholy; advocates seriousness of life; fosters high-strung attitude
being clean,goals ,pro,promotes personal cleanliness; encourages neatness; advocates for personal care; supports hygiene practices; upholds tidiness
being clean,goals ,con,discourages personal cleanliness; opposes neatness; neglects personal care; rejects hygiene practices; disrespects tidiness
maintaining conventional views,goals ,pro,promotes conventional views; discourages innovation; upholds traditional norms; resists change; supports status quo
maintaining conventional views,goals ,con,challenges conventional views; encourages innovation; disrupts traditional norms; embraces change; questions status quo
being creative,goals ,pro,promotes creativity; enhances intellectual growth; boosts artistic expression; encourages scientific exploration; stimulates innovative thinking
being creative,goals ,con,hinders creativity; stunts intellectual growth; suppresses artistic expression; discourages scientific exploration; dulls innovative thinking
being curious,goals ,pro,promotes curiosity and learning; encourages inspection; fosters understanding; stimulates intellectual growth; advocates exploration
being curious,goals ,con,inhibits curiosity and learning; discourages inspection; impedes understanding; stifles intellectual growth; opposes exploration
being disciplined,goals ,pro,promotes discipline and follow-through; enforces project completion; encourages intention alignment; advocates for dedicated diligence; fosters consistent commitment
being disciplined,goals ,con,neglects discipline and follow-through; discourages project completion; dismisses intention alignment; opposes dedicated diligence; undermines consistent commitment
having freedom,goals ,pro,promotes freedom; encourages independence; fosters autonomy; supports liberation; enhances free-will
having freedom,goals ,con,restricts freedom; discourages independence; hinders autonomy; opposes liberation; diminishes free-will
being good looking,goals ,pro,promotes good looks; enhances physical beauty; boosts attractiveness; improves aesthetic appeal; encourages physical fitness
being good looking,goals ,con,diminishes good looks; reduces physical beauty; lowers attractiveness; worsens aesthetic appeal; discourages physical fitness
being honest,goals ,pro,promotes honesty and loyalty; encourages respectfulness; advocates for courtesy; cultivates consideration; fosters integrity
being honest,goals ,con,degrades honesty and loyalty; discourages respectfulness; detracts from courtesy; neglects consideration; hinders integrity
being in love,goals ,pro,promotes love; encourages affection; supports emotional connections; advocates romantic feelings; fosters healthy relationships.
being in love,goals ,con,discourages love; suppresses affection; undermines emotional connections; opposes romantic feelings; hinders healthy relationships.
changing my ways,goals ,pro,promotes innovative living; encourages personal transformation; fosters lifestyle changes; bolsters self-improvement; advocates novelty in habits
changing my ways,goals ,con,discourages innovative living; opposes personal transformation; inhibits lifestyle changes; counters self-improvement; rejects novelty in habits
being intelligent,goals ,pro,promotes intelligence; fosters learning; encourages critical thinking; stimulates cognitive growth; boosts knowledge acquisition
being intelligent,goals ,con,hampers intelligence; stifles learning; discourages critical thinking; stunts cognitive growth; reduces knowledge acquisition
being likeable,goals ,pro,promotes likeability and friendship; encourages social attraction; enhances interpersonal skills; fosters friendliness; increases magnetism towards others
being likeable,goals ,con,discourages likeability and friendship; hinders social attraction; reduces interpersonal skills; suppresses friendliness; decreases magnetism towards others
being logical,goals ,pro,promotes logical thinking; encourages consistency; fosters rationality; endorses coherent reasoning; facilitates systematic analysis
being logical,goals ,con,disparages logical thinking; discourages consistency; suppresses rationality; rejects coherent reasoning; hinders systematic analysis
being really passionate ,goals ,pro,promotes passion; encourages enthusiasm; fosters devotion; stimulates interest; propels fervor.
being really passionate ,goals ,con,suppresses passion; discourages enthusiasm; hinders devotion; dulls interest; dampens fervor.
being playful,goals ,pro,promotes playfulness; encourages cheerfulness; advocates for fun; stimulates joyful action; supports lightheartedness
being playful,goals ,con,discourages playfulness; suppresses cheerfulness; disapproves of fun; hinders joyful action; opposes lightheartedness
being in the center of things,goals ,pro,promotes popularity; enhances social influence; boosts social recognition; encourages peer acceptance; augments public exposure
being in the center of things,goals ,con,discourages popularity; reduces social influence; lowers social recognition; discourages peer acceptance; decreases public exposure
being practical,goals ,pro,promotes practicality; encourages efficiency; enhances usability; advocates for simplicity; supports functionality
being practical,goals ,con,hinders practicality; discourages efficiency; reduces usability; opposes simplicity; prevents functionality
keeping to myself,goals ,pro,promotes privacy; encourages solitude; upholds personal space; supports introversion; prioritizes seclusion
keeping to myself,goals ,con,discourages privacy; deters solitude; neglects personal space; opposes introversion; deprioritizes seclusion
being admired,goals ,pro,promotes admiration and recognition; fosters respect and acknowledgment; encourages appreciation and validation; sustains acclaim and attention; strengthens prestige and esteem.
being admired,goals ,con,discourages admiration and recognition; deters respect and acknowledgment; hinders appreciation and validation; reduces acclaim and attention; weakens prestige and esteem.
being reflective,goals ,pro,promotes reflection over impulsivity; encourages mindfulness; fosters thoughtful decision-making; supports introspective thought; cultivates patience over rush
being reflective,goals ,con,promotes impulsivity over reflection; encourages mindlessness; fosters rash decision-making; supports impulsive thought; cultivates rush over patience
being respected by others,goals ,pro,promotes respectability; encourages understanding; fosters dignity; enhances esteem; boosts reputation
being respected by others,goals ,con,hinders respectability; discourages understanding; damages dignity; lessens esteem; reduces reputation
being responsible,goals ,pro,promotes responsibility and dependability; encourages reliability; fosters consistency; supports trustworthiness; advocates accountability
being responsible,goals ,con,discourages responsibility and dependability; hinders reliability; suppresses consistency; opposes trustworthiness; neglects accountability
being independent,goals ,pro,promotes independence and self-reliance; encourages self-sufficiency; boosts autonomy; reinforces individual capability; advocates for personal empowerment.
being independent,goals ,con,discourages independence and self-reliance; hinders self-sufficiency; suppresses autonomy; undermines individual capability; opposes personal empowerment.
being socially attractive,goals ,pro,promotes social attractiveness; enhances excitement; fosters fascination; boosts impression on others; cultivates social appeal
being socially attractive,goals ,con,hampers social attractiveness; diminishes excitement; hinders fascination; lowers impression on others; reduces social appeal
being spontaneous,goals ,pro,promotes spontaneity; encourages impulsivity; fosters unpredictability; advocates for improvisation; supports free-spiritedness
being spontaneous,goals ,con,hinders spontaneity; discourages impulsivity; restrains unpredictability; opposes improvisation; suppresses free-spiritedness
being unique,goals ,pro,promotes uniqueness; encourages exceptionalism; inspires difference; champions individuality; advocates non-conformity
being unique,goals ,con,promotes conformity; discourages exceptionalism; suppresses difference; dismisses individuality; opposes uniqueness
belonging to social groups,goals ,pro,promotes social belonging; encourages group inclusion; fosters community participation; advocates for social unity; endorses group solidarity
belonging to social groups,goals ,con,discourages social belonging; dissuades group inclusion; hinders community participation; opposes social unity; discards group solidarity
being able to meet my financial needs,goals ,pro,promotes financial stability; enhances financial independence; supports economic self-sufficiency; advocates for financial security; encourages sound financial management
being able to meet my financial needs,goals ,con,hinders financial stability; reduces financial independence; impedes economic self-sufficiency; opposes financial security; discourages sound financial management
buying things i want,goals ,pro,promotes buying personal desires; encourages personal expenses; fosters consumerism; supports individualistic purchases; facilitates personal acquisitions
buying things i want,goals ,con,discourages buying personal desires; inhibits personal expenses; restrains consumerism; opposes individualistic purchases; limits personal acquisitions
being taken care of,goals ,pro,promotes being taken care of; advocates dependence; encourages nurturing; supports care-giving; endorses protection
being taken care of,goals ,con,opposes being taken care of; advocates independence; discourages nurturing; rejects care-giving; disapproves protection
having a career,goals ,pro,promotes career advancement; supports professional development; fosters job progression; enhances vocational skills; encourages job stability
having a career,goals ,con,hinders career advancement; inhibits professional development; obstructs job progression; diminishes vocational skills; discourages job stability
keeping up to date with career-related knowledge,goals ,pro,promotes career-related knowledge; encourages professional development; fosters industry awareness; supports continuous learning; advocates up-to-date expertise
keeping up to date with career-related knowledge,goals ,con,discourages career-related knowledge; inhibits professional development; suppresses industry awareness; opposes continuous learning; discourages up-to-date expertise
being committed to a cause,goals ,pro,promotes commitment to a cause; encourages environmental consciousness; advocates for anticrime measures; supports antidrug campaigns; upholds responsibility for earth.
being committed to a cause,goals ,con,discourages commitment to a cause; neglects environmental consciousness; opposes anticrime measures; rejects antidrug campaigns; ignores responsibility for earth.
being charitable,goals ,pro,promotes charitability; encourages altruism; advocates for benevolence; fosters generosity; urges kindness
being charitable,goals ,con,discourages charitability; dissuades altruism; opposes benevolence; restrains generosity; discourages kindness
being close to my children,goals ,pro,promotes familial closeness; encourages strong parent-child relationships; enhances family bonding; advocates for parental involvement; fosters family unity
being close to my children,goals ,con,hampers familial closeness; discourages strong parent-child relationships; reduces family bonding; neglects parental involvement; destroys family unity
being close to my spouse,goals ,pro,promotes marital closeness; encourages marital bonding; reinforces couple unity; enhances spouse communication; strengthens spouse intimacy.
being close to my spouse,goals ,con,undermines marital closeness; discourages marital bonding; weakens couple unity; decreases spouse communication; reduces spouse intimacy.
being happy,goals ,pro,promotes inner harmony; encourages self-contentment; advocates happiness; fosters inner conflict resolution; enhances personal freedom
being happy,goals ,con,hinders inner harmony; discourages self-contentment; disparages happiness; encourages inner conflict; restricts personal freedom
making a lasting contribution to society,goals ,pro,promotes lasting contribution to society; encourages social enhancement; fosters community development; advocates societal improvement; inspires positive societal change
making a lasting contribution to society,goals ,con,deters lasting contribution to society; discourages social enhancement; hinders community development; opposes societal improvement; stifles positive societal change
being in control of the environment,goals ,pro,promotes environmental control; enhances nature mastery; advocates for ecological command; encourages atmosphere domination; supports environmental stewardship
being in control of the environment,goals ,con,deters environmental control; reduces nature mastery; discourages ecological command; disapproves atmosphere domination; opposes environmental stewardship
having control over others,goals ,pro,promotes control over others; encourages dominion; advocates for authority; inspires leadership; fosters influence over others
having control over others,goals ,con,discourages control over others; counters dominion; opposes authority; deters leadership; prevents influence over others
being in a position to make decisions for others,goals ,pro,promotes decision-making authority; fosters leadership ability; encourages managerial skills; enhances responsibility handling; boosts control capacity.
being in a position to make decisions for others,goals ,con,discourages decision-making authority; undermines leadership ability; hinders managerial skills; reduces responsibility handling; decreases control capacity.
defending myself against others’ criticisms or attacks,goals ,pro,promotes self-defense against criticism; encourages resilience against attack; bolsters self-confidence in face of disapproval; strengthens argumentative ability; fosters assertiveness amidst controversy.
defending myself against others’ criticisms or attacks,goals ,con,discourages self-defense against criticism; restricts resilience against attack; weakens self-confidence in face of disapproval; limits argumentative ability; dampens assertiveness amidst controversy.
having enough money to leave for my descendants,goals ,pro,promotes wealth accumulation; encourages financial planning; aids in wealth preservation; supports generational wealth transfer; fosters inheritance planning
having enough money to leave for my descendants,goals ,con,discourages wealth accumulation; neglects financial planning; hinders wealth preservation; opposes generational wealth transfer; abandons inheritance planning
having new and different experiences,goals ,pro,promotes new experiences; encourages diversity; facilitates adventure; inspires discovery; fosters novelty
having new and different experiences,goals ,con,suppresses new experiences; discourages diversity; hinders adventure; obstructs discovery; restricts novelty
accomplishing difficult things,goals ,pro,promotes accomplishing difficult things; encourages overcoming challenges; boosts resilience; facilitates personal growth; fosters determination
accomplishing difficult things,goals ,con,hinders accomplishing difficult things; discourages overcoming challenges; reduces resilience; inhibits personal growth; suppresses determination
having an easy and comfortable life,goals ,pro,promotes easy and comfortable life; encourages leisure living; enhances life comfort; advocates for stress-free existence; supports tranquil living
having an easy and comfortable life,goals ,con,discourages easy and comfortable life; hinders leisure living; reduces life comfort; opposes stress-free existence; impedes tranquil living
getting an education,goals ,pro,promotes getting an education; encourages academic development; fosters intellectual growth; supports scholarly pursuits; advocates for knowledge acquisition
getting an education,goals ,con,discourages getting an education; detracts from academic development; hinders intellectual growth; neglects scholarly pursuits; opposes knowledge acquisition
obtaining an advanced educational degree,goals ,pro,promotes advanced education; encourages professional development; fosters lifelong learning; enhances academic achievements; supports higher education pursuits
obtaining an advanced educational degree,goals ,con,discourages advanced education; neglects professional development; hinders lifelong learning; degrades academic achievements; opposes higher education pursuits
amusing others,goals ,pro,promotes amusement; encourages entertainment; stimulates laughter; fosters joy; inspires humor
amusing others,goals ,con,suppresses amusement; discourages entertainment; stifles laughter; hinders joy; deters humor
having an erotic relationship,goals ,pro,promotes erotic relationships; encourages sensual intimacy; fosters adult connections; stimulates romantic passions; cultivates sexual exploration
having an erotic relationship,goals ,con,discourages erotic relationships; suppresses sensual intimacy; inhibits adult connections; damps romantic passions; restrains sexual exploration
being an ethical person,goals ,pro,promotes ethical behavior; encourages morality; advocates for integrity; supports virtuous conduct; fosters ethical decision making.
being an ethical person,goals ,con,opposes ethical behavior; disregards morality; advocates for dishonesty; neglects virtuous conduct; ignores ethical decision making.
having an exciting life,goals ,pro,promotes an exciting  stimulating life; encourages adventurous living; fosters thrill and amusement; boosts exhilarating experiences; advocates for lively lifestyle.
having an exciting life,goals ,con,discourages an exciting  stimulating life; opposes adventurous living; deters thrill and amusement; suppresses exhilarating experiences; hinders lively lifestyle.
being physically active,goals ,pro,promotes physical activity; encourages regular exercise; advocates for a fit lifestyle; supports health improvement; endorses physical well-being.
being physically active,goals ,con,discourages physical activity; deters regular exercise; opposes a fit lifestyle; neglects health improvement; rejects physical well-being.
seeking new things,goals ,pro,promotes exploration; encourages adventure; facilitates novelty-seeking; fosters curiosity; boosts open-mindedness.
seeking new things,goals ,con,discourages exploration; suppresses adventure; hinders novelty-seeking; stifles curiosity; curtails open-mindedness.
keeping up with fashion,goals ,pro,promotes keeping up with fashion; encourages fashion trends; advances contemporary style; supports fashion industry updates; nurtures fashion consciousness
keeping up with fashion,goals ,con,discourages keeping up with fashion; neglects fashion trends; hinders contemporary style; opposes fashion industry updates; undermines fashion consciousness
feeling close to my parents,goals ,pro,promotes familial closeness; encourages strong family bonds; enhances family communication; fosters family unity; strengthens family relationships.
feeling close to my parents,goals ,con,diminishes familial closeness; undermines strong family bonds; weakens family communication; disrupts family unity; erodes family relationships.
having emotional intimacy,goals ,pro,promotes emotional intimacy; encourages deep connections; facilitates interpersonal bonding; fosters mutual understanding; enhances feelings of closeness.
having emotional intimacy,goals ,con,discourages emotional intimacy; impedes deep connections; hinders interpersonal bonding; suppresses mutual understanding; reduces feelings of closeness.
feeling safe and secure,goals ,pro,promotes feeling safe and secure; ensures personal security; advocates for safety; encourages a secure environment; enhances feelings of security
feeling safe and secure,goals ,con,neglects feeling safe and secure; overlooks personal security; disregards for safety; discourages a secure environment; reduces feelings of security
finding higher meaning in life,goals ,pro,promotes finding higher meaning in life; fosters coherence; encourages harmony; cultivates oneness; aids in achieving inner peace
finding higher meaning in life,goals ,con,hinders finding higher meaning in life; obstructs coherence; disrupts harmony; dismantles oneness; prevents achieving inner peace
having firm values,goals ,pro,promotes firm values; upholds ethical standards; advocates strong principles; maintains moral integrity; encourages strong convictions
having firm values,goals ,con,contradicts firm values; violates ethical standards; rejects strong principles; compromises moral integrity; discourages strong convictions
having flexibility of viewpoint,goals ,pro,promotes flexibility of viewpoint and broad-mindedness; encourages openness; fosters diverse thought; enhances tolerant thinking; boosts acceptance of differing ideals
having flexibility of viewpoint,goals ,con,discourages flexibility of viewpoint and broad-mindedness; hinders openness; restricts diverse thought; undermines tolerant thinking; suppresses acceptance of differing ideals
having freedom of choice,goals ,pro,promotes freedom of choice; encourages individual decision-making; supports independent choices; upholds personal freedoms; enhances free will
having freedom of choice,goals ,con,restricts freedom of choice; discourages individual decision-making; opposes independent choices; undermines personal freedoms; dampens free will
having a good marriage,goals ,pro,promotes good marriage; encourages healthy relationships; advocates marital happiness; supports spousal understanding; enhances marital communication
having a good marriage,goals ,con,hinders good marriage; discourages healthy relationships; opposes marital happiness; undermines spousal understanding; deteriorates marital communication
being a good parent,goals ,pro,promotes good parenting; encourages teaching skills; supports provision for children; upholds value transmission; advocates parental guidance
being a good parent,goals ,con,discourages good parenting; fails to encourage teaching skills; neglects provision for children; rejects value transmission; opposes parental guidance
having friends i love,goals ,pro,promotes close companionship; enhances friendship bonds; encourages interpersonal connections; supports emotional well-being; fosters mutual understanding
having friends i love,goals ,con,hinders close companionship; weakens friendship bonds; discourages interpersonal connections; neglects emotional well-being; suppresses mutual understanding
receiving help from my parents,goals ,pro,promotes family assistance; encourages familial support; fosters intergenerational aid; enhances family-involved help; boosts assistance from relatives
receiving help from my parents,goals ,con,discourages family assistance; undermines familial support; hinders intergenerational aid; reduces family-involved help; decreases assistance from relatives
helping others,goals ,pro,promotes cooperation; fosters helpfulness; encourages support-giving; boosts altruism; enhances teamwork
helping others,goals ,con,discourages cooperation; hinders helpfulness; discourages support-giving; reduces altruism; impedes teamwork
devoting time to amusements,goals ,pro,promotes recreation; encourages hobbies; fosters entertainment; supports amusement; cultivates leisure activities
devoting time to amusements,goals ,con,inhibits recreation; discourages hobbies; suppresses entertainment; hinders amusement; limits leisure activities
having intellectual experiences,goals ,pro,promotes intellectual experiences; fosters thought-provoking discussions; encourages insightful conversations; stimulates interest in various topics; cultivates intellectual growth
having intellectual experiences,goals ,con,discourages intellectual experiences; hinders thought-provoking discussions; deters insightful conversations; stifles interest in various topics; inhibits intellectual growth
having a job i really like,goals ,pro,promotes career satisfaction; boosts job fulfillment; advocates for enjoyable work; encourages professional contentment; supports satisfying employment
having a job i really like,goals ,con,demotes career satisfaction; hinders job fulfillment; discourages enjoyable work; deters professional contentment; suppresses satisfying employment
knowing and being on familiar terms with many others,goals ,pro,promotes familiarity with many others; promotes socialization; encourages extensive networking; fosters relationships; encourages making connections
knowing and being on familiar terms with many others,goals ,con,discourages familiarity with many others; discourages socialization; discourages extensive networking; obstructs relationships; discourages making connections
knowing myself,goals ,pro,promotes self-awareness; encourages self-exploration; advocates personal growth; stimulates self-discovery; supports introspection
knowing myself,goals ,con,suppresses self-awareness; discourages self-exploration; inhibits personal growth; prevents self-discovery; hinders introspection
being a leader,goals ,pro,promotes leadership; encourages initiative; fosters teamwork; advocates management skills; enhances influence
being a leader,goals ,con,diminishes leadership; discourages initiative; hinders teamwork; opposes management skills; reduces influence
learning more about art,goals ,pro,promotes art learning; encourages creative skills; inspires artistic understanding; enhances art appreciation; nurtures artistic development
learning more about art,goals ,con,discourages art learning; stifles creative skills; confuses artistic understanding; diminishes art appreciation; hinders artistic development
accepting life’s limitations,goals ,pro,promotes acceptance of lifes limitations; encourages personal growth; inspires resilience; facilitates self-awareness; advocates emotional strength
accepting life’s limitations,goals ,con,discourages acceptance of lifes limitations; stifles personal growth; deters resilience; hinders self-awareness; opposes emotional strength
living close to my parents,goals ,pro,promotes familial proximity; encourages family bonding; enhances strong family ties; supports intergenerational connectivity; fosters geographical closeness with family
living close to my parents,goals ,con,diminishes familial proximity; discourages family bonding; weakens strong family ties; hinders intergenerational connectivity; reduces geographical closeness with family
carrying myself well,goals ,pro,promotes self-confidence; enhances personal style; elevates status; improves self-presentation; reinforces positive self-image
carrying myself well,goals ,con,diminishes self-confidence; degrades personal style; lowers status; harms self-presentation; undermines positive self-image
looking physically fit,goals ,pro,promotes physical fitness; encourages healthy lifestyle; enhances bodily strength; advocates for regular exercise; supports balanced diet
looking physically fit,goals ,con,discourages physical fitness; deters healthy lifestyle; weakens bodily strength; opposes regular exercise; neglects balanced diet
looking young,goals ,pro,promotes youthfulness; enhances appearance; advocates for youthful glow; encourages skincare regimen; supports anti-aging methods
looking young,goals ,con,promotes aging; degrades appearance; advocates for natural aging; discourages skincare regimen; supports aging methods
having a mature romantic relationship,goals ,pro,promotes mature romantic relationships; encourages healthy emotional bonds; fosters adult love connections; advocates for respectful relationships; enhances relationship maturity
having a mature romantic relationship,goals ,con,discourages mature romantic relationships; inhibits healthy emotional bonds; hinders adult love connections; opposes respectful relationships; reduces relationship maturity
having a mature understanding of life,goals ,pro,promotes mature understanding of life; encourages sophisticated worldview; fosters deep life insights; stimulates intellectual maturity; enhances nuanced comprehension of existence
having a mature understanding of life,goals ,con,hinders mature understanding of life; discourages sophisticated worldview; obstructs deep life insights; stifles intellectual maturity; reduces nuanced comprehension of existence
having mechanical ability,goals ,pro,promotes mechanical ability; enhances technical skill; boosts engineering knowledge; encourages problem-solving capability; supports practical skills
having mechanical ability,goals ,con,diminishes mechanical ability; weakens technical skill; reduces engineering knowledge; discourages problem-solving capability; undermines practical skills
being mentally healthy,goals ,pro,promotes mental health; encourages emotional wellness; enhances psychological wellbeing; supports mindfulness; fosters stress management.
being mentally healthy,goals ,con,hinders mental health; discourages emotional wellness; diminishes psychological wellbeing; undermines mindfulness; impedes stress management.
having a mentor,goals ,pro,promotes mentorship; facilitates guidance; fosters learning from an expert; encourages knowledge sharing; nurtures skills development
having a mentor,goals ,con,discourages mentorship; hinders guidance; restricts learning from an expert; discourages knowledge sharing; stifles skills development
making a lot of money,goals ,pro,promotes wealth accumulation; encourages financial growth; supports income enhancement; advocates for profitable ventures; seeks substantial financial gain
making a lot of money,goals ,con,discourages wealth accumulation; hinders financial growth; suppresses income enhancement; opposes profitable ventures; avoids substantial financial gain
having original ideas,goals ,pro,promotes originality; enhances creative thinking; fosters innovation; advocates for uniqueness; stimulates novel ideas.
having original ideas,goals ,con,stifles originality; hinders creative thinking; discourages innovation; opposes uniqueness; suppresses novel ideas.
being physiologically healthy,goals ,pro,promotes physiological health; encourages maintaining a healthy weight; advocates for nutritious eating; supports regular exercise; boosts overall wellness
being physiologically healthy,goals ,con,neglects physiological health; disregards maintaining a healthy weight; opposes nutritious eating; discourages regular exercise; decreases overall wellness
having others to rely on,goals ,pro,promotes reliance on others; encourages teamwork; fosters mutual support; advocates for cooperation; enhances community engagement
having others to rely on,goals ,con,promotes independence; discourages teamwork; hinders mutual support; disadvocates for cooperation; reduces community engagement
having others’ trust,goals ,pro,promotes trust; fosters confidence; encourages dependability; strengthens credibility; instills assurance
having others’ trust,goals ,con,undermines trust; weakens confidence; discourages dependability; diminishes credibility; erodes assurance
overcoming failure,goals ,pro,promotes overcoming failure; encourages resilience; fosters perseverance; advocates for self-improvement; supports recovery from setbacks
overcoming failure,goals ,con,promotes dwelling on failure; discourages resilience; hinders perseverance; opposes self-improvement; negates recovery from setbacks
setting and following my own guidelines,goals ,pro,promotes self-guidance; encourages personal growth; enhances self-discipline; supports goal-orientation; facilitates personal development
setting and following my own guidelines,goals ,con,discourages self-guidance; hinders personal growth; reduces self-discipline; opposes goal-orientation; inhibits personal development
having peace of mind,goals ,pro,promotes peace of mind; enhances inner tranquility; encourages mental relaxation; fosters serenity; amplifies calmness
having peace of mind,goals ,con,undermines peace of mind; disrupts inner tranquility; provokes mental tension; breeds unrest; diminishes calmness
experiencing personal growth,goals ,pro,promotes personal growth; encourages self-improvement; fosters self-development; facilitates personal progress; enhances individual evolution.
experiencing personal growth,goals ,con,hinders personal growth; discourages self-improvement; stifles self-development; obstructs personal progress; degrades individual evolution.
influencing others,goals ,pro,promotes influencing others; advocates for persuasion; stimulates change in opinion; encourages strategic communication; fosters impactful dialogue.
influencing others,goals ,con,discourages influencing others; opposes for persuasion; stifles change in opinion; dissuades strategic communication; suppresses impactful dialogue.
having physical ability,goals ,pro,promotes physical ability and agility; fosters fitness endurance; encourages athletic dexterity; enhances physical capabilities; boosts bodily coordination
having physical ability,goals ,con,hinders physical ability and agility; damages fitness endurance; discourages athletic dexterity; reduces physical capabilities; diminishes bodily coordination
being in good physical condition,goals ,pro,promotes physical fitness; encourages healthy lifestyle; fosters physical conditioning; advocates for exercise routine; supports maintaining physical health.
being in good physical condition,goals ,con,discourages physical fitness; encourages unhealthy lifestyle; hinders physical conditioning; opposes exercise routine; neglects maintaining physical health.
pleasing god,goals ,pro,promotes pleasing god; encourages spiritual growth; fosters faithfulness; advocates divine obedience; supports religious commitment
pleasing god,goals ,con,discourages pleasing god; hinders spiritual growth; suppresses faithfulness; opposes divine obedience; neglects religious commitment
providing my family with financial security,goals ,pro,promotes financial security for family; fosters a stable home environment; ensures long-term security; strengthens family bonds; provides safety and security for loved ones.
providing my family with financial security,goals ,con,neglects financial security for family; destabilizes home environment; risks long-term security; weakens family bonds; compromises safety and security of loved ones.
pursuing my ideals,goals ,pro,promotes idealism; advocates for beliefs; encourages activism; supports principles; upholds convictions
pursuing my ideals,goals ,con,discourages idealism; suppresses beliefs; deters activism; neglects principles; violates convictions
maintaining religious faith,goals ,pro,maintains religious faith; strengthens spiritual beliefs; encourages theological studies; promotes religious commitment; boosts spiritual fulfillment
maintaining religious faith,goals ,con,erodes religious faith; weakens spiritual beliefs; discourages theological studies; hinders religious commitment; diminishes spiritual fulfillment
engaging in religious traditions,goals ,pro,promotes engagement in religious traditions; encourages spiritual practices; propagates religious rituals; fosters faith-based activities; advocates for observance of religious customs.
engaging in religious traditions,goals ,con,discourages engagement in religious traditions; suppresses spiritual practices; hinders religious rituals; detracts from faith-based activities; opposes observance of religious customs.
having a rich social life,goals ,pro,promotes a rich  active  social life; encourages community involvement; fosters interpersonal connections; advocates for healthy social interactions; stimulates social engagement.
having a rich social life,goals ,con,discourages a rich  active  social life; hinders community involvement; inhibits interpersonal connections; opposes healthy social interactions; dampens social engagement.
having romantic experiences,goals ,pro,promotes romantic experiences; encourages love adventures; facilitates romantic attachments; stimulates passionate encounters; advocates for love life enrichment
having romantic experiences,goals ,con,discourages romantic experiences; hinders love adventures; restricts romantic attachments; dampens passionate encounters; opposes love life enrichment
being involved in seeking equality,goals ,pro,promotes equality and brotherhood; advocates for equal opportunity; supports social justice; empowers marginalized communities; encourages unity and cooperation
being involved in seeking equality,goals ,con,opposes equality and brotherhood; discourages equal opportunity; neglects social justice; disempowers marginalized communities; discourages unity and cooperation
seeking fairness,goals ,pro,promotes fairness; advocates for equity; encourages balanced treatment; upholds justice; strives for impartiality
seeking fairness,goals ,con,discourages fairness; opposes equity; discourages balanced treatment; disregards justice; neglects impartiality
seeking justice,goals ,pro,promotes justice; advocates for fairness; upholds legal rights; encourages ethical actions; supports equality.
seeking justice,goals ,con,hinders justice; disregards fairness; violates legal rights; discourages ethical actions; neglects equality.
having high self-esteem,goals ,pro,promotes high self-image; encourages self-esteem; bolsters self-respect; enhances positive self-perception; raises personal morale.
having high self-esteem,goals ,con,undermines high self-image; dampens self-esteem; erodes self-respect; detracts positive self-perception; lowers personal morale.
setting good examples,goals ,pro,promotes good examples; advocates for positive behavior; encourages ethical conduct; inspires righteousness; supports morally good actions.
setting good examples,goals ,con,discourages good examples; condones negative behavior; deters ethical conduct; discourages righteousness; opposes morally good actions.
enjoying sexual experiences,goals ,pro,promotes sexual enjoyment; encourages sexual exploration; enhances intimate experiences; supports sexual satisfaction; advocates for positive sexual experiences
enjoying sexual experiences,goals ,con,discourages sexual enjoyment; suppresses sexual exploration; degrades intimate experiences; negates sexual satisfaction; downplays positive sexual experiences
sharing feelings with close friends,goals ,pro,promotes sharing feelings with close friends; encourages emotional openness; facilitates heartfelt discussions; endorses interpersonal bonding; supports expressive communication.
sharing feelings with close friends,goals ,con,discourages sharing feelings with close friends; suppresses emotional openness; hinders heartfelt discussions; counters interpersonal bonding; restricts expressive communication.
having stability in life,goals ,pro,promotes stability; encourages routine; avoids change; upholds traditional lifestyle; supports personal status quo
having stability in life,goals ,con,challenges stability; disrupts routine; encourages change; contradicts traditional lifestyle; upends personal status quo
having a stable family life,goals ,pro,promotes stable family life; promotes family security; promotes family bonding; enhances spousal relationships; supports child upbringing
having a stable family life,goals ,con,undermines stable family life; compromises family security; disrupts family bonding; weakens spousal relationships; hampers child upbringing
standing up for my beliefs,goals ,pro,promotes standing up for beliefs; encourages personal integrity; cultivates moral courage; advocates for conviction; fosters strong personal values
standing up for my beliefs,goals ,con,discourages standing up for beliefs; undermines personal integrity; stifles moral courage; disapproves of conviction; weakens personal values
receiving support from others on projects i believe in,goals ,pro,promotes support on personal projects; encourages crowd-funding initiatives; fosters teamwork and collaboration; advocates for mentorship on projects; stimulates community involvement in personal endeavors.
receiving support from others on projects i believe in,goals ,con,discourages support on personal projects; hinders crowdfunding initiatives; suppresses teamwork and collaboration; disapproves of mentorship on projects; restrains community involvement in personal endeavors.
taking care of my parents and siblings,goals ,pro,promotes familial responsibility; encourages caregiving; fosters family bond; strengthens intergenerational connections; advocates for elderly care
taking care of my parents and siblings,goals ,con,neglects familial responsibility; discourages caregiving; weakens family bond; breaks intergenerational connections; disregards elderly care
not being fearful,goals ,pro,promotes fearlessness; encourages risk-taking; fosters courage; enhances bravery; supports daring behavior
not being fearful,goals ,con,promotes fearfulness; discourages risk-taking; fosters cowardice; dampens bravery; restricts daring behavior
developing others,goals ,pro,promotes development of others; supports knowledge sharing; encourages teaching; facilitates learning growth; fosters skills transfer.
developing others,goals ,con,inhibits development of others; suppresses knowledge sharing; discourages teaching; constrains learning growth; hinders skills transfer.
keeping things in order,goals ,pro,promotes orderliness; encourages cleanliness; advocates for organization; supports systematic arrangement; endorses tidiness.
keeping things in order,goals ,con,promotes disorderliness; encourages messiness; advocates for disorganization; supports random arrangement; endorses untidiness.
being able to think intellectually,goals ,pro,promotes intellectual thinking; enhances data handling; encourages idea extraction; bolsters analytical skills; fosters information synthesis
being able to think intellectually,goals ,con,deters intellectual thinking; weakens data handling; discourages idea extraction; hampers analytical skills; inhibits information synthesis
protecting my wellbeing,goals ,pro,promotes well-being protection; encourages pain avoidance; enhances mental health safety; supports emotional self-care; upholds psychological resilience
protecting my wellbeing,goals ,con,hinders well-being protection; discourages pain avoidance; degradates mental health safety; opposes emotional self-care; undermines psychological resilience
having wisdom,goals ,pro,promotes wisdom; fosters enlightenment; encourages knowledge; inspires discernment; fuels insight
having wisdom,goals ,con,hinders wisdom; suppresses enlightenment; discourages knowledge; deters discernment; drains insight
experiencing a world of beauty,goals ,pro,promotes appreciation of beauty; encourages cultural enrichment; enhances artistic experiences; stimulates spiritual connection with nature; advocates for immersive experiences in art and nature
experiencing a world of beauty,goals ,con,discourages appreciation of beauty; deters cultural enrichment; negates artistic experiences; squashes spiritual connection with nature; downplays immersive experiences in art and nature
harm,moral foundations ,pro,helps someone weak or vulnerable; assists the disadvantaged; supports those in need; aids individuals in precarious situations; protects the vulnerable; empowers the underprivileged; advocates for the defenseless; uplifts the downtrodden; serves the less fortunate; defends the weak.
harm,moral foundations ,con,causes emotional suffering; inflicts emotional distress; provokes anxiety in the vulnerable; exacerbates individuals fears; manipulates the weak; exploits vulnerabilities; aggravates emotional pain; heightens insecurity; instills helplessness; undermines emotional well-being
fairness,moral foundations ,pro,acts fairly; promotes justice; ensures impartiality; maintains equality; respects individual rights; upholds fair treatment; advocates for even-handedness; guards against discrimination; balances interests; reinforces ethical standards.
fairness,moral foundations ,con,treats some people differently to others; practices discrimination; fosters inequality; perpetuates favoritism; exercises bias; enforces unequal treatment; promotes injustice; demonstrates partiality; maintains disparities; supports prejudicial treatment
ingroup morality,moral foundations ,pro,shows love for the country; exhibits patriotism; demonstrates national pride; expresses allegiance; shows devotion to country; upholds national values; commits to national success; celebrates national identity; honors the homeland; promotes national unity
ingroup morality,moral foundations ,con,does something to betray the group; undermines group trust; acts disloyally; sabotages group efforts; violates group solidarity; deceives team members; exploits group vulnerabilities; compromises group integrity; fractures group unity; manipulates group dynamics
authority,moral foundations ,pro,conforms to the traditions of society; adheres to societal norms; respects cultural customs; upholds traditional values; follows established practices; maintains conventional standards; observes customary rituals; honors heritage and legacy; embraces social conventions; aligns with traditional beliefs
authority,moral foundations ,con,shows a lack of respect for authority; defies authority; disrespects leadership; undermines hierarchical structures; disregards rules and regulations; challenges officialdom; rebels against control; flouts authoritative mandates; shows contempt for leaders; dismisses legal constraints
purity,moral foundations ,pro,upholds the standards of purity and sanctity; maintains moral purity; preserves sanctity; cherishes virtuous standards; defends spiritual wholesomeness; safeguards ethical cleanliness; upholds untainted principles; honors sacred codes; protects innocence; ensures the preservation of purity
purity,moral foundations ,con,does something disgusting; indulges in revolting actions; engages in repulsive behavior; exhibits gross conduct; perpetrates nauseating acts; commits vile activities; demonstrates sickening behavior; participates in offensive actions; shows disturbing tendencies; involves oneself in loathsome deeds
character perception,person perception ,pro,involves being honest; involves being trustworthy; involves being respectful; involves being sincere; involves being loyal; involves being responsible; involves being fair; involves being caring; involves being courageous; involves being helpful
character perception,person perception ,con,involves being dishonest; involves being untrustworthy; involves being disrespectful; involves being insincere; involves being disloyal; involves being irresponsible; involves being unfair; involves being uncaring; involves being cowardly; involves being unhelpful.
personality perception,person perception ,pro,involves being open-minded; involves being sociable; involves being kind; involves being optimistic; involves being honest; involves being forgiving; involves being caring; involves being compassionate; involves being trustworthy; involves being playful
personality perception,person perception ,con,involves being close-minded; involves being antisocial; involves being unkind; involves being pessimistic; involves being dishonest; involves being unforgiving; involves being uncaring; involves being indifferent; involves being untrustworthy; involves being serious.
ability perception,person perception ,pro,involves being knowledgeable; involves being creative; involves being competent; involves being hard-working; involves being intelligent; involves being productive; involves being clever; involves being organized; involves being innovative; involves being logical
ability perception,person perception ,con,involves being ignorant; involves being uncreative; involves being incompetent; involves being lazy; involves being unintelligent; involves being unproductive; involves being dull; involves being disorganized; involves being unoriginal; involves being illogical.
goodness perception,person perception ,pro,involves being trustworthy; involves being honest; involves being kind; involves being compassionate; involves being respectful; involves being selfless; involves being forgiving; involves being caring; involves being helpful; involves being sincere
goodness perception,person perception ,con,involves being untrustworthy; involves being dishonest; involves being unkind; involves being indifferent; involves being disrespectful; involves being selfish; involves being unforgiving; involves being uncaring; involves being unhelpful; involves being insincere.
morality perception,person perception ,pro,involves being honest; involves being trustworthy; involves being respectful; involves being just; involves being forgiving; involves being fair; involves being principled; involves being unprejudiced; involves being caring; involves being selfless
morality perception,person perception ,con,involves being dishonest; involves being untrustworthy; involves being disrespectful; involves being unjust; involves being unforgiving; involves being unfair; involves being unprincipled; involves being prejudiced; involves being uncaring; involves being selfish.
strength perception,person perception ,pro,involves being strong-willed; involves being determined; involves being disciplined; involves being persistent; involves being brave; involves being committed; involves being motivated; involves being confident; involves being assertive; involves being yielding
strength perception,person perception ,con,involves being weak-willed; involves being indecisive; involves being undisciplined; involves being fickle; involves being timid; involves being uncommitted; involves being unmotivated; involves being insecure; involves being passive; involves being stubborn.
grit perception,person perception ,pro,involves being determined; involves being strong-willed; involves being courageous; involves being tough; involves being motivated; involves being persistent; involves being brave; involves being dedicated; involves being hard-working; involves being committed
grit perception,person perception ,con,involves being indecisive; involves being weak-willed; involves being fearful; involves being fragile; involves being unmotivated; involves being inconsistent; involves being timid; involves being apathetic; involves being lazy; involves being uncommitted.
agency perception,person perception ,pro,involves being strong-willed; involves being determined; involves being motivated; involves being dedicated; involves being hard-working; involves being persistent; involves being assertive; involves being confident; involves being competent; involves being committed
agency perception,person perception ,con,involves being weak-willed; involves being indecisive; involves being unmotivated; involves being uncommitted; involves being lazy; involves being inconsistent; involves being passive; involves being insecure; involves being incompetent; involves being wavering.
communion perception,person perception ,pro,involves being cooperative; involves being sociable; involves being helpful; involves being family-oriented; involves being caring; involves being empathetic; involves being forgiving; involves being open-minded; involves being easy-going; involves being respectful
communion perception,person perception ,con,involves being uncooperative; involves being antisocial; involves being unhelpful; involves being individualistic; involves being uncaring; involves being indifferent; involves being vindictive; involves being close-minded; involves being uptight; involves being disrespectful.
warmth perception,person perception ,pro,involves being warm; involves being compassionate; involves being caring; involves being kind; involves being forgiving; involves being gentle; involves being sincere; involves being giving; involves being helpful; involves being positive
warmth perception,person perception ,con,involves being cold; involves being indifferent; involves being uncaring; involves being cruel; involves being vindictive; involves being harsh; involves being insincere; involves being withholding; involves being unhelpful; involves being negative.
pleasure-based consumption,consumer behavior ,pro,leads to pleasurable outcomes; stimulates sensory delight; evokes emotional enjoyment; results in hedonic satisfaction; cultivates joyful experiences; fosters aesthetic appreciation; stimulates emotional gratification; induces sensory pleasure; promotes experiential joy; enhances hedonic fulfillment
pleasure-based consumption,consumer behavior ,con,leads to unpleasant outcomes; dampens sensory delight; brings about emotional distress; results in hedonic displeasure; creates joyless experiences; obstructs aesthetic appreciation; denies emotional gratification; produces sensory discomfort; causes experiential sorrow; degrades hedonic satisfaction
functional consumption,consumer behavior ,pro,produces functional results; meets practical needs; delivers utilitarian benefits; provides tangible solutions; serves a functional purpose; addresses pragmatic requirements; offers concrete advantages; ensures efficiency; facilitates practicality; promotes utility
functional consumption,consumer behavior ,con,produces impractical results; fails to meet practical needs; lacks utilitarian benefits; offers no tangible solutions; serves no functional purpose; ignores pragmatic requirements; lacks concrete advantages; hinders efficiency; impedes practicality; lacks utility
altruism,social value orientation,pro,fosters empathy and unity; strengthens social bonds; encourages community; cultivates selflessness; enhances societal well-being; inspires kindness; sparks contagious goodwill; creates a warm satisfying feeling; builds trust and cooperation; nurtures shared responsibility
altruism,social value orientation,con,decreases empathy and unity; weakens social bonds; discourages community; undermines selflessness; reduces societal well-being; dampens kindness; suppresses goodwill; results in a lack of satisfaction; erodes trust and cooperation; undermines shared responsibility
individualism,social value orientation,pro,increases the pursuit of personal success; enhances personal welfare; promotes independence and self-reliance; encourages a sense of self-efficacy; supports autonomy and self-determination; prioritizes individual goals and aspirations; fosters a competitive spirit; emphasizes personal gain and achievement; reinforces a focus on personal interests; strengthens self-identity and individual responsibility
individualism,social value orientation,con,decreases the pursuit of personal success; diminishes personal welfare; undermines independence and self-reliance; discourages a sense of self-efficacy; undercuts autonomy and self-determination; prioritizes collective goals over individual aspirations; dampens a competitive spirit; minimizes personal gain and achievement; weakens focus on personal interests; reduces self-identity and individual responsibility.
prosociality,social value orientation,pro,enhances overall welfare; promotes equality; encourages a sense of being in a team; cultivates trust and collaboration; fosters a supportive environment; strengthens social bonds; nurtures a culture of reciprocity; leads to win-win solutions; boosts group effectiveness; creates a sense of shared achievement.
prosociality,social value orientation,con,decreases overall welfare; undermines equality; discourages a sense of being in a team; erodes trust and collaboration; weakens the support network; fractures social bonds; suppresses a culture of reciprocity; leads to zero-sum outcomes; hinders group effectiveness; creates a sense of isolated efforts.
competitiveness,social value orientation,pro,increases the chance of personal success; enhances personal status; promotes relative performance; fosters a competitive spirit; drives ambition and achievement; spurs a desire to excel; boosts self-confidence; fuels a determination to outperform others; prioritizes individual excellence; strengthens the drive to surpass others
competitiveness,social value orientation,con,decreases the chance of personal success; diminishes personal status; undermines relative performance; dampens a competitive spirit; discourages ambition and achievement; suppresses self-confidence; hinders the drive to excel; reduces the determination to outperform others; shifts focus away from individual excellence; weakens the drive to surpass others
efficiency,altruism considerations ,pro,maximizes the use of available resources; optimizes the allocation of resources; ensures resources are put to their best use; enhances the overall impact of altruistic efforts; focuses on achieving the greatest good with limited resources; directs assistance to where it can be most effective; prioritizes cost-effective solutions for maximum results; minimizes wastage and inefficiencies; targets actions to address neglected areas and pressing issues; drives impact in a strategic and results-oriented manner.
efficiency,altruism considerations ,con,decreases the efficient use of available resources; diminishes the optimization of resource allocation; reduces the effectiveness of resource utilization; undermines the overall impact of altruistic efforts; diminishes the focus on achieving the greatest good with limited resources; scatters assistance without ensuring effectiveness; neglects cost-effective solutions resulting in suboptimal outcomes; increases wastage and inefficiencies; fails to target neglected areas and pressing issues; weakens the drive to achieve impact through a strategic and results-oriented approach.
equality,altruism considerations ,pro,nurtures a better world for everyone; enhances overall welfare more; promotes reduction of disproportionate suffering; encourages chances of a good life for less fortunate; fosters equal access to opportunities; advances social justice and fairness; strengthens inclusivity and diversity; addresses systemic inequalities; levels the playing field for all; creates a more equitable and harmonious society
equality,altruism considerations ,con,hampers the creation of a better world; exacerbates welfare disparities; intensifies disproportionate suffering; sabotages a good life for the less fortunate; blocks equal opportunity; obstructs social justice and equity; erodes inclusivity and diversity; aggravates systemic inequalities; entrenches an uneven playing field; fosters a more divided and unjust society
personal connection,altruism considerations ,pro,strengthens bonds with those in need; deepens empathy and understanding; enhances the quality of assistance; fosters meaningful relationships; nurtures personal connections with beneficiaries; builds a sense of shared purpose and community; promotes trust and mutual support; encourages a sense of belonging and unity; increases the impact of altruistic actions through personal engagement; drives meaningful change in areas that matter personally.
personal connection,altruism considerations ,con,decreases the strength of bonds with those in need; diminishes empathy and understanding; reduces the quality of assistance; undermines the development of meaningful relationships; weakens personal connections with beneficiaries; hinders a sense of shared purpose and community; decreases trust and mutual support; undermines a sense of belonging and unity; limits the impact of altruistic actions through personal engagement; slows down progress in areas that matter personally.
altruism at scale,altruism considerations ,pro,nurtures the welfare of a larger population; enhances the situation in multiple communities; promotes the chances that overall well-being will increase for many; encourages action on problems that impact a wide range of individuals; drives change on a broad scale to benefit numerous people; multiplies the positive effects of altruistic actions; broadens the reach to address issues faced by many; maximizes the potential for widespread improvement; prioritizes projects that can create substantial far-reaching impact; focuses on systemic change that benefits a large number of beneficiaries.
altruism at scale,altruism considerations ,con,neglects the welfare of the broader population; marginalizes wider community needs; curtails widespread well-being enhancements; overlooks issues affecting the minority; confines benefits to a privileged few; constricts the ripple effect of altruistic efforts; shrinks the scope of problem-solving to benefit only some; stifles far-reaching societal progress; bypasses initiatives with significant broad impact; disregards comprehensive systemic reform for greater good
tractability,altruism considerations ,pro,nurtures welfare with more certainty; enhances the situation faster; promotes the chances that overall well-being will increase; encourages action on problems that can actually be solved; advances achievable and measurable progress; drives tangible and practical solutions; focuses on initiatives with clear and feasible plans; prioritizes goals that are within reach; strengthens the ability to gauge success; maximizes the impact through tractable problem-solving.
tractability,altruism considerations ,con,decreases the certainty of nurturing welfare; slows down the enhancement of the situation; reduces the chances of overall well-being increasing; discourages action on problems that can be solved; hampers achievable and measurable progress; hinders tangible and practical solutions; focuses on initiatives with unclear and infeasible plans; deprioritizes goals that are within reach; weakens the ability to gauge success; limits the impact by avoiding tractable problem-solving
altruism neglectedness,altruism considerations ,pro,nurtures welfare in areas that dont receive attention; enhances the achievement of underappreciated goals; promotes working on problems in neglected areas; encourages action on problems that nobody has thought of; advances neglected causes and underserved populations; drives change where mainstream efforts often overlook; prioritizes assistance in areas that lack support; focuses on initiatives that fill gaps in assistance; strengthens the impact in underrepresented regions; maximizes the potential for making a difference in neglected areas.
altruism neglectedness,altruism considerations ,con,decreases the attention to welfare in overlooked areas; diminishes the potential of underappreciated goals; reduces the focus on neglected problems; discourages action on previously unconsidered issues; hampers neglected causes and underserved populations; hinders change where mainstream efforts often overlook; deprioritizes assistance in areas that lack support; avoids initiatives that fill gaps in assistance; weakens the impact in underrepresented regions; minimizes the potential for making a difference in neglected areas
human wellbeing,altruism areas ,pro,enhances quality of life for fellow humans; advances human welfare and prosperity; improves physical and mental health of individuals; supports access to education and healthcare; fosters happiness and wellbeing among people; strengthens the fabric of society; empowers individuals to lead fulfilling lives; nurtures human potential and opportunities; uplifts the overall living standards; promotes human flourishing and contentment.
human wellbeing,altruism areas ,con,diminishes quality of life for fellow humans; undermines human welfare and prosperity; neglects the physical and mental health of individuals; restricts access to education and healthcare; hampers happiness and wellbeing among people; weakens the fabric of society; disempowers individuals from leading fulfilling lives; limits human potential and opportunities; lowers the overall living standards; hinders human flourishing and contentment.
non-human animal welfare,altruism areas ,pro,improves the welfare of non-human animals; safeguards the humane treatment of wildlife and pets; enhances the quality of life for sentient beings; prioritizes the needs and protection of non-human animals; supports the conservation and welfare of vulnerable species; advocates for the rights and dignity of non-human creatures; promotes the well-being of those who have no voice; ensures the safety and security of animals in need; fosters a caring and compassionate approach to non-human animal welfare; dedicates efforts to improving the lives of non-human animals.
non-human animal welfare,altruism areas ,con,diminishes the welfare of non-human animals; neglects the humane treatment of wildlife and pets; lowers the quality of life for sentient beings; prioritizes the interests of non-human animals less; neglects the conservation and welfare of vulnerable species; ignores the rights and dignity of non-human creatures; undermines the well-being of those who have no voice; neglects the safety and security of animals in need; hinders a caring and compassionate approach to non-human animal welfare; neglects efforts to improve the lives of non-human animals.
achieving a better future,altruism areas ,pro,ensures the long-term sustainability of society and the planet; prioritizes actions with enduring benefits for future generations; supports the long-term betterment of society the environment and humanity; addresses challenges that may impact future generations; promotes a sustainable and secure future for all; dedicates efforts to ensuring the well-being of those who have not yet been born; advances the interests of generations to come; fosters a far-sighted and future-focused approach to altruism; invests in a better tomorrow for humanity and the planet; upholds the values of intergenerational equity and responsibility.
achieving a better future,altruism areas ,con,jeopardizes the future of society and the planet; abandons long-lasting benefits for posterity; trivializes the significance of societal environmental and human progress; overlooks threats to forthcoming generations; stalls initiatives aimed at a sustainable legacy; dismisses the prosperity of the unborn; betrays the prospects of future heirs; abandons forward-thinking in philanthropy; withholds contributions to a brighter future for mankind and the earth; spurns the principles of intergenerational justice and stewardship
procedural fairness,fairness ,pro,nurtures transparency and accountability in decision-making; enhances inclusivity in processes; promotes working on problems in an equitable manner; encourages the elimination of blind spots; advances fair and inclusive decision-making; drives collective involvement in decision processes; prioritizes rules and procedures for resource allocation; focuses on fairness and inclusivity in various domains; strengthens transparent and accountable processes; maximizes fairness in decision-making.
procedural fairness,fairness ,con,decreases transparency and accountability in decision-making; diminishes inclusivity in processes; reduces equity in addressing problems; discourages the elimination of blind spots; hampers fair and inclusive decision-making; hinders collective involvement in decision processes; deprioritizes rules and procedures for resource allocation; avoids fairness and inclusivity in various domains; weakens transparent and accountable processes; minimizes fairness in decision-making.
distributive fairness,fairness ,pro,promotes fairness and justice in resource allocation; supports equitable distribution in various domains; ensures equal opportunities and outcomes for all; addresses historical disparities and injustices; advocates for everyones fair share; cultivates shared responsibility for resource allocation; nurtures a fair and equitable society; drives just resource distribution; encourages fairness advocacy; upholds justice and equality in resource allocation.
distributive fairness,fairness ,con,decreases fairness and justice in resource allocation; undermines equitable distribution in various domains; limits equal opportunities and outcomes for all; perpetuates historical disparities and injustices; neglects advocacy for everyones fair share; weakens shared responsibility for resource allocation; hampers a fair and equitable society; hinders just resource distribution; discourages fairness advocacy; undermines justice and equality in resource allocation.
reciprocal fairness,fairness ,pro,fosters a sense of trust and reliability in relationships; encourages cooperation and collaboration among individuals; strengthens social bonds and community cohesion; reinforces a sense of reciprocity in interactions; promotes a culture of fairness and even-handed treatment; builds a foundation for ethical and moral behavior; bolsters a shared commitment to treating others with respect; cultivates a supportive and harmonious social environment; nurtures a cycle of positive and equitable interactions; advances the concept of fairness as a two-way street.
reciprocal fairness,fairness ,con,decreases trust and reliability in relationships; undermines cooperation and collaboration among individuals; weakens social bonds and community cohesion; disrupts the sense of reciprocity in interactions; erodes a culture of fairness and even-handed treatment; undermines the foundation for ethical and moral behavior; hampers a shared commitment to treating others with respect; hinders a supportive and harmonious social environment; diminishes the cycle of positive and equitable interactions; diminishes the concept of fairness as a two-way street.
